insert into businesses ( business_id, business_name, business_street, business_city, business_zip, business_closing_time) values (1, 'Šponke', 'Brne', 'Krod', '14', '23:11:00');
insert into businesses ( business_id, business_name, business_street, business_city, business_zip, business_closing_time) values (2, 'Centidel', 'Hanover', 'Khóra', '15', '23:41:00');
insert into businesses ( business_id, business_name, business_street, business_city, business_zip, business_closing_time) values (3, 'Topdrive', 'Nancy', 'Fort Myers', '8', '21:00:00');
insert into businesses ( business_id, business_name, business_street, business_city, business_zip, business_closing_time) values (4, 'Midel', 'Fuller', 'Victoria', '6154', '20:40:00');
insert into businesses ( business_id, business_name, business_street, business_city, business_zip, business_closing_time) values (5, 'Trilith', 'Pennsylvania', 'Medina', '66731', '19:52:00');
insert into businesses ( business_id, business_name, business_street, business_city, business_zip, business_closing_time) values (6, 'Tekfly', 'Pleasure', 'Argivai', '5', '20:45:00');
insert into businesses ( business_id, business_name, business_street, business_city, business_zip, business_closing_time) values (7, 'Voomm', 'Schurz', 'Líně', '678', '23:19:00');
insert into businesses ( business_id, business_name, business_street, business_city, business_zip, business_closing_time) values (8, 'Trunyx', 'Di Loreto', 'Sardasht', '93', '21:05:00');
insert into businesses ( business_id, business_name, business_street, business_city, business_zip, business_closing_time) values (9, 'Agimba', 'Laurel', 'Barda', '167', '21:41:00');
insert into businesses ( business_id, business_name, business_street, business_city, business_zip, business_closing_time) values (10, 'Realbridge', 'Sutherland', 'Espanola', '2314', '20:27:00');

insert into items (item_id, item_name, item_description, item_price, item_category, item_type, item_limit, item_business) values (1, 'Green Guard Sterile Alcohol Pads', 'etiam pretium iaculis justo in hac habitasse platea dictumst etiam faucibus cursus urna ut tellus nulla ut erat id mauris', 5, 'D', 'Vegan', 36, 1);
insert into items (item_id, item_name, item_description, item_price, item_category, item_type, item_limit, item_business) values (2, 'CRANBERRY', 'rhoncus dui vel sem sed sagittis nam congue risus semper porta volutpat quam pede lobortis ligula sit amet eleifend', 24, 'O', 'Vegan', 25, 6);
insert into items (item_id, item_name, item_description, item_price, item_category, item_type, item_limit, item_business) values (3, 'Ditropan', 'tincidunt ante vel ipsum praesent blandit lacinia erat vestibulum sed magna', 16, 'D', 'Vegan', 91, 5);
insert into items (item_id, item_name, item_description, item_price, item_category, item_type, item_limit, item_business) values (4, 'Hand Sanitizer', 'nisi nam ultrices libero non mattis pulvinar nulla pede ullamcorper augue a suscipit nulla elit', 55, 'D', 'Vegetarian', 141, 2);
insert into items (item_id, item_name, item_description, item_price, item_category, item_type, item_limit, item_business) values (5, 'Sterile Alcohol Prep Pad', 'ac leo pellentesque ultrices mattis odio donec vitae nisi nam ultrices', 39, 'O', 'Normal', 49, 3);
insert into items (item_id, item_name, item_description, item_price, item_category, item_type, item_limit, item_business) values (6, 'Bekunis Natures Gentle Stimulant Laxative', 'magnis dis parturient montes nascetur ridiculus mus vivamus vestibulum sagittis sapien cum sociis natoque penatibus et magnis dis', 52, 'D', 'Gluten free', 1, 7);
insert into items (item_id, item_name, item_description, item_price, item_category, item_type, item_limit, item_business) values (7, 'clear laxative', 'aliquet pulvinar sed nisl nunc rhoncus dui vel sem sed sagittis nam congue risus semper porta volutpat quam pede', 38, 'D', 'Normal', 63, 10);
insert into items (item_id, item_name, item_description, item_price, item_category, item_type, item_limit, item_business) values (8, 'Benazepril Hydrochloride and Hydrochlorothiazide', 'nulla facilisi cras non velit nec nisi vulputate nonummy maecenas tincidunt lacus at velit', 7, 'D', 'Normal', 39, 8);
insert into items (item_id, item_name, item_description, item_price, item_category, item_type, item_limit, item_business) values (9, 'Oxygen', 'ut rhoncus aliquet pulvinar sed nisl nunc rhoncus dui vel sem sed sagittis nam congue risus semper porta', 25, 'O', 'Normal', 73, 4);
insert into items (item_id, item_name, item_description, item_price, item_category, item_type, item_limit, item_business) values (10, 'Lotrimin AF', 'nunc vestibulum ante ipsum primis in faucibus orci luctus et ultrices posuere cubilia curae mauris viverra diam vitae quam suspendisse', 30, 'O', 'Normal', 32, 9);
insert into items (item_id, item_name, item_description, item_price, item_category, item_type, item_limit, item_business) values (11, 'Amlodipine Besylate and Benazepril Hydrochloride', 'at lorem integer tincidunt ante vel ipsum praesent blandit lacinia erat vestibulum sed magna at nunc commodo placerat praesent blandit', 17, 'O', 'Vegetarian', 147, 10);
insert into items (item_id, item_name, item_description, item_price, item_category, item_type, item_limit, item_business) values (12, 'Acne Treatment Kit', 'diam cras pellentesque volutpat dui maecenas tristique est et tempus semper est quam pharetra magna ac consequat', 35, 'D', 'Vegan', 14, 9);
insert into items (item_id, item_name, item_description, item_price, item_category, item_type, item_limit, item_business) values (13, 'Dandruff', 'ac leo pellentesque ultrices mattis odio donec vitae nisi nam ultrices libero non mattis pulvinar nulla pede ullamcorper augue', 2, 'O', 'Gluten free', 37, 10);
insert into items (item_id, item_name, item_description, item_price, item_category, item_type, item_limit, item_business) values (14, 'Ceftriaxone', 'volutpat sapien arcu sed augue aliquam erat volutpat in congue', 37, 'D', 'Normal', 132, 2);
insert into items (item_id, item_name, item_description, item_price, item_category, item_type, item_limit, item_business) values (15, 'Fresh Sugar Tulip Tinted Lip Treatment Sunscreen SPF 15', 'ac nibh fusce lacus purus aliquet at feugiat non pretium quis lectus suspendisse potenti in eleifend quam a odio', 8, 'O', 'Vegetarian', 59, 9);
insert into items (item_id, item_name, item_description, item_price, item_category, item_type, item_limit, item_business) values (16, 'Propofol', 'dictumst morbi vestibulum velit id pretium iaculis diam erat fermentum justo nec condimentum neque sapien placerat ante nulla justo aliquam', 60, 'O', 'Gluten free', 20, 7);
insert into items (item_id, item_name, item_description, item_price, item_category, item_type, item_limit, item_business) values (17, 'Oxacillin', 'non sodales sed tincidunt eu felis fusce posuere felis sed lacus morbi sem', 21, 'D', 'Vegan', 6, 9);
insert into items (item_id, item_name, item_description, item_price, item_category, item_type, item_limit, item_business) values (18, 'Sinus and Allergy', 'nisi vulputate nonummy maecenas tincidunt lacus at velit vivamus vel nulla eget eros elementum pellentesque quisque', 22, 'O', 'Gluten free', 69, 8);
insert into items (item_id, item_name, item_description, item_price, item_category, item_type, item_limit, item_business) values (19, 'AVAPRO', 'habitasse platea dictumst etiam faucibus cursus urna ut tellus nulla ut erat', 53, 'O', 'Gluten free', 41, 7);
insert into items (item_id, item_name, item_description, item_price, item_category, item_type, item_limit, item_business) values (20, 'GUNA-IGF', 'ut dolor morbi vel lectus in quam fringilla rhoncus mauris enim leo rhoncus', 23, 'D', 'Normal', 71, 5);
insert into items (item_id, item_name, item_description, item_price, item_category, item_type, item_limit, item_business) values (21, 'good neighbor pharmacy hair regrowth treatment for men', 'libero nam dui proin leo odio porttitor id consequat in consequat ut nulla sed accumsan felis ut at', 57, 'D', 'Normal', 108, 1);
insert into items (item_id, item_name, item_description, item_price, item_category, item_type, item_limit, item_business) values (22, 'NEOMYCIN AND POLYMYXIN B SULFATES AND GRAMICIDIN', 'id nulla ultrices aliquet maecenas leo odio condimentum id luctus nec molestie sed justo pellentesque viverra pede ac diam', 1, 'D', 'Vegan', 32, 4);
insert into items (item_id, item_name, item_description, item_price, item_category, item_type, item_limit, item_business) values (23, 'Terconazole', 'amet nulla quisque arcu libero rutrum ac lobortis vel dapibus at diam nam tristique tortor eu pede', 55, 'D', 'Gluten free', 86, 7);
insert into items (item_id, item_name, item_description, item_price, item_category, item_type, item_limit, item_business) values (24, 'CARMEX cherry lip balm BROAD SPECTRUM SPF 15 SUNSCREEN', 'velit donec diam neque vestibulum eget vulputate ut ultrices vel', 15, 'D', 'Normal', 9, 9);
insert into items (item_id, item_name, item_description, item_price, item_category, item_type, item_limit, item_business) values (25, 'Paroxetine', 'diam erat fermentum justo nec condimentum neque sapien placerat ante', 25, 'D', 'Vegetarian', 141, 1);
insert into items (item_id, item_name, item_description, item_price, item_category, item_type, item_limit, item_business) values (26, 'Pineapple Orange Antibacterial Foaming Hand Wash', 'id justo sit amet sapien dignissim vestibulum vestibulum ante ipsum primis in', 52, 'O', 'Vegan', 5, 6);
insert into items (item_id, item_name, item_description, item_price, item_category, item_type, item_limit, item_business) values (27, 'Carvedilol', 'platea dictumst etiam faucibus cursus urna ut tellus nulla ut erat id mauris', 25, 'D', 'Vegan', 128, 10);
insert into items (item_id, item_name, item_description, item_price, item_category, item_type, item_limit, item_business) values (28, 'risperidone', 'luctus et ultrices posuere cubilia curae duis faucibus accumsan odio curabitur convallis duis consequat dui nec', 11, 'D', 'Gluten free', 92, 3);
insert into items (item_id, item_name, item_description, item_price, item_category, item_type, item_limit, item_business) values (29, 'Simply Beige Expert Finish Makeup Makeup Broad Spectrum SPF 25', 'vel augue vestibulum rutrum rutrum neque aenean auctor gravida sem praesent id massa id', 40, 'D', 'Normal', 89, 8);

insert into users (user_email, user_password, user_type) values ('achaney0@squarespace.com', 'f91IX3pXtJWM', 'C');
insert into users (user_email, user_password, user_type) values ('ffoottit1@ftc.gov', 'GI7H1fihs3J', 'O');
insert into users (user_email, user_password, user_type) values ('aboarer2@shinystat.com', '7RYWo9ZzS', 'D');
insert into users (user_email, user_password, user_type) values ('amelmore3@about.me', '59aCD4Q', 'D');
insert into users (user_email, user_password, user_type) values ('klonghorne4@issuu.com', 'b5ChaWBlLcyo', 'D');
insert into users (user_email, user_password, user_type) values ('chexter5@yandex.ru', 'M8bHUkB', 'C');
insert into users (user_email, user_password, user_type) values ('ndomek6@deliciousdays.com', 'MW31fE', 'C');
insert into users (user_email, user_password, user_type) values ('eastbery7@cbc.ca', 'zPqinC5NbPQ', 'C');
insert into users (user_email, user_password, user_type) values ('admin@admin.com', 'admin', 'A');
insert into users (user_email, user_password, user_type) values ('dfarre9@dion.jp', 'DTAjuWf2Jlzz', 'O');


insert into orders (order_id, order_date, order_time, order_price, order_owner) values (1, '2017-02-19', '3:44:00', 55, 'chexter5@yandex.ru');
insert into orders (order_id, order_date, order_time, order_price, order_owner) values (2, '2019-12-03', '17:18:00', 81, 'amelmore3@about.me');
insert into orders (order_id, order_date, order_time, order_price, order_owner) values (3, '2019-12-03', '17:18:00', 81, 'aboarer2@shinystat.com');
insert into orders (order_id, order_date, order_time, order_price, order_owner) values (4, '2019-04-21', '14:52:00', 78, 'aboarer2@shinystat.com');
insert into orders (order_id, order_date, order_time, order_price, order_owner) values (5, '2019-12-05', '4:02:00', 51, 'dfarre9@dion.jp');
insert into orders (order_id, order_date, order_time, order_price, order_owner) values (6, '1209-09-30', '17:29:00', 49, 'amelmore3@about.me');
insert into orders (order_id, order_date, order_time, order_price, order_owner) values (7, '2019-07-13', '19:51:00', 65, 'dfarre9@dion.jp');
insert into orders (order_id, order_date, order_time, order_price, order_owner) values (8, '1219-12-14', '13:10:00', 40, 'eastbery7@cbc.ca');
insert into orders (order_id, order_date, order_time, order_price, order_owner) values (9, '2019-11-10', '15:52:11', 39, 'aboarer2@shinystat.com');
insert into orders (order_id, order_date, order_time, order_price, order_owner) values (10, '2019-03-06', '23:16:22', 83, 'eastbery7@cbc.ca');
insert into orders (order_id, order_date, order_time, order_price, order_owner) values (11, '1219-03-06', '18:15:00', 63, 'klonghorne4@issuu.com');
insert into orders (order_id, order_date, order_time, order_price, order_owner) values (12, '2019-03-06', '12:54:00', 53, 'klonghorne4@issuu.com');
insert into orders (order_id, order_date, order_time, order_price, order_owner) values (13, '2019-03-06', '14:15:00', 95, 'ffoottit1@ftc.gov');
insert into orders (order_id, order_date, order_time, order_price, order_owner) values (14, '2019-03-06', '13:32:00', 37, 'amelmore3@about.me');
insert into orders (order_id, order_date, order_time, order_price, order_owner) values (15, '2019-03-06', '12:56:00', 44, 'ndomek6@deliciousdays.com');
insert into orders (order_id, order_date, order_time, order_price, order_owner) values (16, '2019-03-06', '5:49:00', 66, 'ffoottit1@ftc.gov');
insert into orders (order_id, order_date, order_time, order_price, order_owner) values (17, '2019-03-06', '3:48:00', 90, 'ndomek6@deliciousdays.com');
insert into orders (order_id, order_date, order_time, order_price, order_owner) values (18, '2019-03-06', '7:07:00', 82, 'achaney0@squarespace.com');
insert into orders (order_id, order_date, order_time, order_price, order_owner) values (19, '2019-03-06', '5:13:00', 40, 'dfarre9@dion.jp');
insert into orders (order_id, order_date, order_time, order_price, order_owner) values (20, '2019-03-06', '5:33:00', 65, 'achaney0@squarespace.com');
insert into orders (order_id, order_date, order_time, order_price, order_owner) values (21, '4219-03-06', '5:52:00', 31, 'ndomek6@deliciousdays.com');
insert into orders (order_id, order_date, order_time, order_price, order_owner) values (22, '2019-03-06', '9:31:00', 95, 'eastbery7@cbc.ca');
insert into orders (order_id, order_date, order_time, order_price, order_owner) values (23, '2019-03-06', '9:59:00', 98, 'chexter5@yandex.ru');
insert into orders (order_id, order_date, order_time, order_price, order_owner) values (24, '2019-03-06', '4:55:00', 36, 'achaney0@squarespace.com');
insert into orders (order_id, order_date, order_time, order_price, order_owner) values (25, '1219-03-06', '10:21:00', 64, 'achaney0@squarespace.com');
insert into orders (order_id, order_date, order_time, order_price, order_owner) values (26, '1219-03-06', '8:30:00', 32, 'amelmore3@about.me');
insert into orders (order_id, order_date, order_time, order_price, order_owner) values (27, '2019-03-06', '4:54:00', 77, 'klonghorne4@issuu.com');
insert into orders (order_id, order_date, order_time, order_price, order_owner) values (28, '2019-03-06', '2:17:00', 38, 'ffoottit1@ftc.gov');
insert into orders (order_id, order_date, order_time, order_price, order_owner) values (29, '2019-03-06', '11:48:00', 91, 'achaney0@squarespace.com');

insert into order_items (order_of_item, item_in_order, number_of_items) values (15, 24, 3);
insert into order_items (order_of_item, item_in_order, number_of_items) values (24, 27, 26);
insert into order_items (order_of_item, item_in_order, number_of_items) values (24, 22, 10);
insert into order_items (order_of_item, item_in_order, number_of_items) values (22, 10, 27);
insert into order_items (order_of_item, item_in_order, number_of_items) values (26, 25, 12);
insert into order_items (order_of_item, item_in_order, number_of_items) values (23, 6, 24);
insert into order_items (order_of_item, item_in_order, number_of_items) values (16, 10, 6);
insert into order_items (order_of_item, item_in_order, number_of_items) values (12, 14, 27);
insert into order_items (order_of_item, item_in_order, number_of_items) values (13, 14, 6);
insert into order_items (order_of_item, item_in_order, number_of_items) values (25, 26, 21);
insert into order_items (order_of_item, item_in_order, number_of_items) values (1, 29, 23);
insert into order_items (order_of_item, item_in_order, number_of_items) values (13, 2, 17);
insert into order_items (order_of_item, item_in_order, number_of_items) values (3, 20, 13);
insert into order_items (order_of_item, item_in_order, number_of_items) values (28, 3, 18);
insert into order_items (order_of_item, item_in_order, number_of_items) values (4, 7, 4);
insert into order_items (order_of_item, item_in_order, number_of_items) values (12, 4, 8);
insert into order_items (order_of_item, item_in_order, number_of_items) values (6, 23, 6);
insert into order_items (order_of_item, item_in_order, number_of_items) values (13, 15, 26);
insert into order_items (order_of_item, item_in_order, number_of_items) values (28, 18, 25);
insert into order_items (order_of_item, item_in_order, number_of_items) values (7, 3, 14);
insert into order_items (order_of_item, item_in_order, number_of_items) values (8, 12, 27);
insert into order_items (order_of_item, item_in_order, number_of_items) values (9, 12, 12);
insert into order_items (order_of_item, item_in_order, number_of_items) values (28, 8, 21);
insert into order_items (order_of_item, item_in_order, number_of_items) values (3, 24, 25);
insert into order_items (order_of_item, item_in_order, number_of_items) values (26, 27, 17);
insert into order_items (order_of_item, item_in_order, number_of_items) values (26, 4, 10);
insert into order_items (order_of_item, item_in_order, number_of_items) values (16, 4, 29);
insert into order_items (order_of_item, item_in_order, number_of_items) values (12, 3, 29);
insert into order_items (order_of_item, item_in_order, number_of_items) values (18, 2, 26);
insert into order_items (order_of_item, item_in_order, number_of_items) values (1, 7, 20);
insert into order_items (order_of_item, item_in_order, number_of_items) values (16, 13, 12);
insert into order_items (order_of_item, item_in_order, number_of_items) values (16, 18, 23);
insert into order_items (order_of_item, item_in_order, number_of_items) values (22, 25, 4);
insert into order_items (order_of_item, item_in_order, number_of_items) values (2, 25, 7);
insert into order_items (order_of_item, item_in_order, number_of_items) values (7, 19, 16);
insert into order_items (order_of_item, item_in_order, number_of_items) values (19, 17, 1);
insert into order_items (order_of_item, item_in_order, number_of_items) values (10, 23, 16);
insert into order_items (order_of_item, item_in_order, number_of_items) values (18, 20, 29);
insert into order_items (order_of_item, item_in_order, number_of_items) values (1, 6, 1);
insert into order_items (order_of_item, item_in_order, number_of_items) values (12, 6, 12);
insert into order_items (order_of_item, item_in_order, number_of_items) values (15, 10, 8);
insert into order_items (order_of_item, item_in_order, number_of_items) values (19, 20, 22);
insert into order_items (order_of_item, item_in_order, number_of_items) values (5, 18, 14);
insert into order_items (order_of_item, item_in_order, number_of_items) values (25, 2, 16);
insert into order_items (order_of_item, item_in_order, number_of_items) values (3, 6, 25);
insert into order_items (order_of_item, item_in_order, number_of_items) values (29, 25, 14);
insert into order_items (order_of_item, item_in_order, number_of_items) values (28, 17, 15);
insert into order_items (order_of_item, item_in_order, number_of_items) values (15, 3, 15);
insert into order_items (order_of_item, item_in_order, number_of_items) values (21, 14, 17);
insert into order_items (order_of_item, item_in_order, number_of_items) values (29, 11, 12);

insert into driver_business (driver, business) values ('klonghorne4@issuu.com', 5);
insert into driver_business (driver, business) values ('klonghorne4@issuu.com', 3);
insert into driver_business (driver, business) values ('klonghorne4@issuu.com', 5);
insert into driver_business (driver, business) values ('aboarer2@shinystat.com', 6);
insert into driver_business (driver, business) values ('aboarer2@shinystat.com', 1);